{
  "timestamp": "2025-12-27T01:29:41.372070",
  "min_year": 2024,
  "max_races": 15,
  "num_races_used": 15,
  "old_accuracy": 0.1333333333333333,
  "new_accuracy": 0.19999999999999996,
  "improvement": 0.06666666666666665,
  "old_config": {
    "grid_alpha": 0.2096,
    "form_boost_weight": 0.2195,
    "temperature": 0.6946
  },
  "optimized_config": {
    "grid_alpha": 0.14661404447841378,
    "form_boost_weight": 0.17031144584593988,
    "temperature": 0.4234685410662328
  }
}